"Temas ",Contexto do tema,Editoria,Guias de Conteúdo (1),Idéias de Conteúdo | 2024,Relacionado a Editorias |  New (Relacionado a Temas | New (Relacionado a Editorias |  New (Temas ) 29) 14),Relacionado a Editorias |  New (Temas ),Relacionado a Editorias |  New (Temas ) 1,Relacionado a Editorias |  New (Temas ) 10,Relacionado a Editorias |  New (Temas ) 11,Relacionado a Editorias |  New (Temas ) 12,Relacionado a Editorias |  New (Temas ) 13,Relacionado a Editorias |  New (Temas ) 14,Relacionado a Editorias |  New (Temas ) 15,Relacionado a Editorias |  New (Temas ) 16,Relacionado a Editorias |  New (Temas ) 17,Relacionado a Editorias |  New (Temas ) 18,Relacionado a Editorias |  New (Temas ) 19,Relacionado a Editorias |  New (Temas ) 2,Relacionado a Editorias |  New (Temas ) 20,Relacionado a Editorias |  New (Temas ) 21,Relacionado a Editorias |  New (Temas ) 22,Relacionado a Editorias |  New (Temas ) 23,Relacionado a Editorias |  New (Temas ) 24,Relacionado a Editorias |  New (Temas ) 25,Relacionado a Editorias |  New (Temas ) 26,Relacionado a Editorias |  New (Temas ) 27,Relacionado a Editorias |  New (Temas ) 28,Relacionado a Editorias |  New (Temas ) 29,Relacionado a Editorias |  New (Temas ) 3,Relacionado a Editorias |  New (Temas ) 30,Relacionado a Editorias |  New (Temas ) 31,Relacionado a Editorias |  New (Temas ) 32,Relacionado a Editorias |  New (Temas ) 33,Relacionado a Editorias |  New (Temas ) 34,Relacionado a Editorias |  New (Temas ) 4,Relacionado a Editorias |  New (Temas ) 5,Relacionado a Editorias |  New (Temas ) 6,Relacionado a Editorias |  New (Temas ) 7,Relacionado a Editorias |  New (Temas ) 8,Relacionado a Editorias |  New (Temas ) 9,Relacionado a Editorias |  individual (Relacionado a Temas | New (Relacionado a Editorias |  New (Temas )) 22),Relacionado a Editorias |  individual (Relacionado a Temas | New (Relacionado a Editorias |  New (Temas )) 22) 1,Relacionado a Editorias |  individual (Relacionado a Temas | New (Relacionado a Editorias |  New (Temas )) 22) 2,Relacionado a Editorias |  individual (Relacionado a Temas | New (Relacionado a Editorias |  New (Temas )) 22) 3,Relacionado a Editorias |  individual (Temas ),Relacionado a Editorias |  individual (Temas ) 1,Relacionado a Editorias |  individual (Temas ) 10,Relacionado a Editorias |  individual (Temas ) 11,Relacionado a Editorias |  individual (Temas ) 12,Relacionado a Editorias |  individual (Temas ) 13,Relacionado a Editorias |  individual (Temas ) 14,Relacionado a Editorias |  individual (Temas ) 15,Relacionado a Editorias |  individual (Temas ) 16,Relacionado a Editorias |  individual (Temas ) 17,Relacionado a Editorias |  individual (Temas ) 2,Relacionado a Editorias |  individual (Temas ) 3,Relacionado a Editorias |  individual (Temas ) 4,Relacionado a Editorias |  individual (Temas ) 5,Relacionado a Editorias |  individual (Temas ) 6,Relacionado a Editorias |  individual (Temas ) 7,Relacionado a Editorias |  individual (Temas ) 8,Relacionado a Editorias |  individual (Temas ) 9
Posicionamento,"Define quem é o negócio, para quem ele existe e por que deve ser escolhido. Tudo começa aqui. Sem posicionamento claro, a comunicação é genérica e as vendas são instáveis.",NORTE (%5Bvcpode%5D%20galeria%20principal/Conte%C3%BAdo%20MAPA/%5Bcompass%5D%20mapa/Estrat%C3%A9gia%20de%20conte%C3%BAdo/Atividades%20Estrategia%20de%20conteudo%20(mapa)/1%20Editorias%20e%20temas/Editorias%20New/NORTE%20276cb023eb3b810f8cd2e93b4bba8f98.html),,,,,,,,,,,,,,,,,,,,,,,,,,,,,,,,,,,,,,,,,,,,,,,,,,,,,,,,,,,,
Audiência,"Ajuda a entender quem realmente ouve, valoriza e compra da marca. Não é sobre agradar todo mundo é sobre falar com quem está pronto para comprar.",NORTE (%5Bvcpode%5D%20galeria%20principal/Conte%C3%BAdo%20MAPA/%5Bcompass%5D%20mapa/Estrat%C3%A9gia%20de%20conte%C3%BAdo/Atividades%20Estrategia%20de%20conteudo%20(mapa)/1%20Editorias%20e%20temas/Editorias%20New/NORTE%20276cb023eb3b810f8cd2e93b4bba8f98.html),,,,,,,,,,,,,,,,,,,,,,,,,,,,,,,,,,,,,,,,,,,,,,,,,,,,,,,,,,,,
Proposta de Valor,"Mostra o que o negócio realmente entrega  de forma percebida, desejada e diferenciada. Clareza aqui transforma posicionamento em escolha real no mercado.",NORTE (%5Bvcpode%5D%20galeria%20principal/Conte%C3%BAdo%20MAPA/%5Bcompass%5D%20mapa/Estrat%C3%A9gia%20de%20conte%C3%BAdo/Atividades%20Estrategia%20de%20conteudo%20(mapa)/1%20Editorias%20e%20temas/Editorias%20New/NORTE%20276cb023eb3b810f8cd2e93b4bba8f98.html),,,,,,,,,,,,,,,,,,,,,,,,,,,,,,,,,,,,,,,,,,,,,,,,,,,,,,,,,,,,
Estratégia,Ensina a decidir com lógica. O que fazer agora? O que NÃO fazer? O que priorizar? Esse tema organiza o pensamento antes da execução.,NORTE (%5Bvcpode%5D%20galeria%20principal/Conte%C3%BAdo%20MAPA/%5Bcompass%5D%20mapa/Estrat%C3%A9gia%20de%20conte%C3%BAdo/Atividades%20Estrategia%20de%20conteudo%20(mapa)/1%20Editorias%20e%20temas/Editorias%20New/NORTE%20276cb023eb3b810f8cd2e93b4bba8f98.html),,,,,,,,,,,,,,,,,,,,,,,,,,,,,,,,,,,,,,,,,,,,,,,,,,,,,,,,,,,,
Funil,"Ensina a criar conteúdo para diferentes níveis de consciência: quem nunca ouviu falar, quem já te acompanha e quem está pronto para comprar.",LESTE (%5Bvcpode%5D%20galeria%20principal/Conte%C3%BAdo%20MAPA/%5Bcompass%5D%20mapa/Estrat%C3%A9gia%20de%20conte%C3%BAdo/Atividades%20Estrategia%20de%20conteudo%20(mapa)/1%20Editorias%20e%20temas/Editorias%20New/LESTE%20276cb023eb3b81f4b38ad98d46e9cc6c.html),,,,,,,,,,,,,,,,,,,,,,,,,,,,,,,,,,,,,,,,,,,,,,,,,,,,,,,,,,,,
Narrativa,Amarra toda a comunicação da marca. Faz o conteúdo contar uma história coerente que gera confiança e reforça posicionamento.,LESTE (%5Bvcpode%5D%20galeria%20principal/Conte%C3%BAdo%20MAPA/%5Bcompass%5D%20mapa/Estrat%C3%A9gia%20de%20conte%C3%BAdo/Atividades%20Estrategia%20de%20conteudo%20(mapa)/1%20Editorias%20e%20temas/Editorias%20New/LESTE%20276cb023eb3b81f4b38ad98d46e9cc6c.html),,,,,,,,,,,,,,,,,,,,,,,,,,,,,,,,,,,,,,,,,,,,,,,,,,,,,,,,,,,,
Clareza,"Evita confusão. Ajuda a traduzir ideias complexas em mensagens simples, diretas e compreensíveis que geram ação.",LESTE (%5Bvcpode%5D%20galeria%20principal/Conte%C3%BAdo%20MAPA/%5Bcompass%5D%20mapa/Estrat%C3%A9gia%20de%20conte%C3%BAdo/Atividades%20Estrategia%20de%20conteudo%20(mapa)/1%20Editorias%20e%20temas/Editorias%20New/LESTE%20276cb023eb3b81f4b38ad98d46e9cc6c.html),,,,,,,,,,,,,,,,,,,,,,,,,,,,,,,,,,,,,,,,,,,,,,,,,,,,,,,,,,,,
Consistência,Mostra como aparecer com frequência e intenção sem depender de motivação ou improviso. É o tema da presença inteligente.,LESTE (%5Bvcpode%5D%20galeria%20principal/Conte%C3%BAdo%20MAPA/%5Bcompass%5D%20mapa/Estrat%C3%A9gia%20de%20conte%C3%BAdo/Atividades%20Estrategia%20de%20conteudo%20(mapa)/1%20Editorias%20e%20temas/Editorias%20New/LESTE%20276cb023eb3b81f4b38ad98d46e9cc6c.html),,,,,,,,,,,,,,,,,,,,,,,,,,,,,,,,,,,,,,,,,,,,,,,,,,,,,,,,,,,,
Jornada de Compra,Ensina a guiar o cliente do primeiro contato até a decisão. Cada passo é estratégico e precisa de conteúdo certo na hora certa.,OESTE (%5Bvcpode%5D%20galeria%20principal/Conte%C3%BAdo%20MAPA/%5Bcompass%5D%20mapa/Estrat%C3%A9gia%20de%20conte%C3%BAdo/Atividades%20Estrategia%20de%20conteudo%20(mapa)/1%20Editorias%20e%20temas/Editorias%20New/OESTE%20276cb023eb3b81f1ace9cf1cdb56ee57.html),,,,,,,,,,,,,,,,,,,,,,,,,,,,,,,,,,,,,,,,,,,,,,,,,,,,,,,,,,,,
Oferta,"Mostra como construir e comunicar uma oferta que resolve um problema real com clareza, estrutura e desejo.",OESTE (%5Bvcpode%5D%20galeria%20principal/Conte%C3%BAdo%20MAPA/%5Bcompass%5D%20mapa/Estrat%C3%A9gia%20de%20conte%C3%BAdo/Atividades%20Estrategia%20de%20conteudo%20(mapa)/1%20Editorias%20e%20temas/Editorias%20New/OESTE%20276cb023eb3b81f1ace9cf1cdb56ee57.html),,,,,,,,,,,,,,,,,,,,,,,,,,,,,,,,,,,,,,,,,,,,,,,,,,,,,,,,,,,,
Conversão,"Traduz interesse em fechamento. Ajuda a transformar engajamento em vendas com leitura de contexto, abordagem certa e processo claro.",OESTE (%5Bvcpode%5D%20galeria%20principal/Conte%C3%BAdo%20MAPA/%5Bcompass%5D%20mapa/Estrat%C3%A9gia%20de%20conte%C3%BAdo/Atividades%20Estrategia%20de%20conteudo%20(mapa)/1%20Editorias%20e%20temas/Editorias%20New/OESTE%20276cb023eb3b81f1ace9cf1cdb56ee57.html),,,,,,,,,,,,,,,,,,,,,,,,,,,,,,,,,,,,,,,,,,,,,,,,,,,,,,,,,,,,
Comercial e Vendas,"Ensina como manter vendas ativas com previsibilidade. Fala de rotina comercial, oferta constante e estrutura mínima para gerar caixa toda semana.",OESTE (%5Bvcpode%5D%20galeria%20principal/Conte%C3%BAdo%20MAPA/%5Bcompass%5D%20mapa/Estrat%C3%A9gia%20de%20conte%C3%BAdo/Atividades%20Estrategia%20de%20conteudo%20(mapa)/1%20Editorias%20e%20temas/Editorias%20New/OESTE%20276cb023eb3b81f1ace9cf1cdb56ee57.html),,,,,,,,,,,,,,,,,,,,,,,,,,,,,,,,,,,,,,,,,,,,,,,,,,,,,,,,,,,,
Rotina,"Mostra como organizar o dia a dia para que conteúdo, vendas e decisões estratégicas aconteçam mesmo em semanas corridas.",SUL (%5Bvcpode%5D%20galeria%20principal/Conte%C3%BAdo%20MAPA/%5Bcompass%5D%20mapa/Estrat%C3%A9gia%20de%20conte%C3%BAdo/Atividades%20Estrategia%20de%20conteudo%20(mapa)/1%20Editorias%20e%20temas/Editorias%20New/SUL%20276cb023eb3b8182a56ddbc2c54157ee.html),,,,,,,,,,,,,,,,,,,,,,,,,,,,,,,,,,,,,,,,,,,,,,,,,,,,,,,,,,,,
Processos,Ensina a transformar ações em sistemas replicáveis. Tira tudo da cabeça e organiza tarefas para que o negócio funcione sem caos.,SUL (%5Bvcpode%5D%20galeria%20principal/Conte%C3%BAdo%20MAPA/%5Bcompass%5D%20mapa/Estrat%C3%A9gia%20de%20conte%C3%BAdo/Atividades%20Estrategia%20de%20conteudo%20(mapa)/1%20Editorias%20e%20temas/Editorias%20New/SUL%20276cb023eb3b8182a56ddbc2c54157ee.html),,,,,,,,,,,,,,,,,,,,,,,,,,,,,,,,,,,,,,,,,,,,,,,,,,,,,,,,,,,,
Gestão,"Ajuda a enxergar o todo, priorizar com inteligência e manter o controle mesmo com equipe pequena. Gestão é direção, não só operação.",SUL (%5Bvcpode%5D%20galeria%20principal/Conte%C3%BAdo%20MAPA/%5Bcompass%5D%20mapa/Estrat%C3%A9gia%20de%20conte%C3%BAdo/Atividades%20Estrategia%20de%20conteudo%20(mapa)/1%20Editorias%20e%20temas/Editorias%20New/SUL%20276cb023eb3b8182a56ddbc2c54157ee.html),,,,,,,,,,,,,,,,,,,,,,,,,,,,,,,,,,,,,,,,,,,,,,,,,,,,,,,,,,,,
IA e Automações,"Ensina a usar tecnologia de forma estratégica para economizar tempo, escalar sem perder clareza e manter decisões na mão.",SUL (%5Bvcpode%5D%20galeria%20principal/Conte%C3%BAdo%20MAPA/%5Bcompass%5D%20mapa/Estrat%C3%A9gia%20de%20conte%C3%BAdo/Atividades%20Estrategia%20de%20conteudo%20(mapa)/1%20Editorias%20e%20temas/Editorias%20New/SUL%20276cb023eb3b8182a56ddbc2c54157ee.html),,,,,,,,,,,,,,,,,,,,,,,,,,,,,,,,,,,,,,,,,,,,,,,,,,,,,,,,,,,,