Name,Tags
Confiança na própria capacidade de liderar,Benefícios intangíveis
Direta,Qualidades da marca
Verdade,Valores
Estratégica,Qualidades da marca
"Postura de sócio estratégico ",Diferenciais
Estratégia clara e aplicável,Benefícios Tangíveis
Clareza,Valores
Segurança para decidir,Benefícios intangíveis
Vendas previsíveis,Benefícios Tangíveis
Método COMPASS,Diferenciais
Responsabilidade Extrema,Valores
Resultado Real,Valores
Respeito ao Negócio e ao Empresário,Valores
"Maturidade Empresarial ",Valores
"Proximidade do fundador ",Diferenciais
"Integração total ",Diferenciais
"Verdade acima de vendas ",Diferenciais
IA aplicada ao lucro,Diferenciais
Sólida,Qualidades da marca
Confiável,Qualidades da marca
Profissional,Qualidades da marca
Madura,Qualidades da marca
Transformadora,Qualidades da marca
Operação organizada e profissional,Benefícios Tangíveis
Posicionamento estratégico que atrai e converte,Benefícios Tangíveis
Marketing com função de venda,Benefícios Tangíveis
Time comercial estruturado,Benefícios Tangíveis
Gestão clara e decisões baseadas em dados,Benefícios Tangíveis
Uso inteligente de IA e automação,Benefícios Tangíveis
Planejamento e metas com acompanhamento real,Benefícios Tangíveis
Crescimento escalável,Benefícios Tangíveis
Paz mental,Benefícios intangíveis
Sensação de controle,Benefícios intangíveis
Orgulho e valorização,Benefícios intangíveis
Esperança no futuro,Benefícios intangíveis
Autonomia,Benefícios intangíveis
Autoridade real,Benefícios intangíveis
Liberdade (de tempo e financeira),Benefícios intangíveis
Maturidade empresarial,Benefícios intangíveis